,%,AVG,EVENTS,MONEY,OFFICIAL MONEY WON,PLAYER NAME,POTENTIAL MONEY,RANK LAST WEEK,RANK THIS WEEK,ROUNDS,TOTAL ADJUSTMENT,TOTAL ROUNDS,TOTAL STROKES,YTD VICTORIES
0,,68.602,,,,Dustin Johnson,,1,1,47.0,- 7.500,44.0,3026.0,
1,,69.165,,,,Justin Rose,,2,2,48.0,- 11.720,44.0,3055.0,
2,,69.296,,,,Henrik Stenson,,3,3,38.0,- 14.920,34.0,2371.0,
3,,69.358,,,,Justin Thomas,,4,4,65.0,- 7.968,56.0,3892.0,
4,,69.422,,,,Paul Casey,,5,5,49.0,- 22.600,46.0,3216.0,
5,,69.473,,,,Webb Simpson,,6,6,63.0,- 13.640,60.0,4182.0,
6,,69.495,,,,Tommy Fleetwood,,7,7,41.0,- 29.177,34.0,2392.0,
7,,69.517,,,,Brooks Koepka,,8,8,34.0,- 10.450,32.0,2235.0,
8,,69.62899999999999,,,,Jason Day,,9,9,49.0,- 14.576,42.0,2939.0,
9,,69.686,,,,Rickie Fowler,,10,10,54.0,- 2.955,54.0,3766.0,
10,,69.712,,,,Steve Stricker,,999,11,36.0,- 2.806,34.0,2373.0,
11,,69.722,,,,Rory McIlroy,,11,12,40.0,- 22.301,37.0,2602.0,
12,,69.76100000000001,,,,Tony Finau,,12,13,73.0,- 18.804,66.0,4623.0,
13,,69.765,,,,Tiger Woods,,13,14,40.0,- 25.403,40.0,2816.0,
14,,69.822,,,,Bryson DeChambeau,,14,15,67.0,- 5.923,67.0,4684.0,
15,,69.86,,,,Alex Noren,,15,16,47.0,- 30.593,40.0,2825.0,
16,,69.90899999999999,,,,Phil Mickelson,,16,17,64.0,- 6.527,61.0,4271.0,
17,,69.955,,,,Emiliano Grillo,,18,18,72.0,4.883,70.0,4892.0,
18,,69.962,,,,Jordan Spieth,,19,19,57.0,19.030,52.0,3619.0,
19,,69.988,,,,Zach Johnson,,22,20,72.0,12.200,65.0,4537.0,
20,,70.009,,,,Ryan Moore,,17,21,60.0,- 1.467,60.0,4202.0,
21,,70.018,,,,Patrick Reed,,21,22,68.0,- 18.938,60.0,4220.0,
22,,70.042,,,,Chesson Hadley,,20,23,85.0,6.421,81.0,5667.0,
23,,70.04899999999999,,,,Rafa Cabrera Bello,,23,24,47.0,- 21.940,42.0,2964.0,
24,,70.051,,,,Jon Rahm,,24,25,47.0,9.127,42.0,2933.0,
25,,70.056,,,,Charles Howell III,,25,26,88.0,1.708,84.0,5883.0,
26,,70.078,,,,Francesco Molinari,,33,27,51.0,- 14.264,48.0,3378.0,
27,,70.111,,,,Patrick Cantlay,,26,28,59.0,- 13.247,52.0,3659.0,
28,,70.118,,,,Louis Oosthuizen,,27,29,42.0,- 26.985,34.0,2411.0,
29,,70.12,,,,Brian Harman,,28,30,72.0,- 3.833,68.0,4772.0,
30,,70.133,,,,Bubba Watson,,29,31,64.0,10.056,53.0,3707.0,
31,,70.145,,,,Luke List,,30,32,78.0,- 13.127,75.0,5274.0,
32,,70.227,,,,Brian Gay,,31,33,79.0,6.497,77.0,5401.0,
33,,70.22800000000001,,,,Byeong Hun An,,32,34,58.0,- 22.215,56.0,3955.0,
34,,70.278,,,,Marc Leishman,,34,35,65.0,.225,62.0,4357.0,
35,,70.28399999999999,,,,Chris Kirk,,36,36,80.0,16.172,78.0,5466.0,
36,,70.305,,,,Kevin Streelman,,39,37,84.0,28.623,84.0,5877.0,
37,,70.318,,,,Branden Grace,,35,38,51.0,- 9.718,48.0,3385.0,
38,,70.345,,,,J.J. Spaun,,37,39,63.0,17.016,61.0,4274.0,
39,,70.381,,,,Russell Henley,,40,40,63.0,- 10.115,60.0,4233.0,
40,,70.39699999999999,,,,Keegan Bradley,,41,41,70.0,- 4.170,65.0,4580.0,
41,,70.40100000000001,,,,Chez Reavie,,38,42,75.0,10.252,68.0,4777.0,
42,,70.43,,,,Brandt Snedeker,,43,43,62.0,- 3.180,60.0,4229.0,
43,,70.437,,,,Joel Dahmen,,59,44,77.0,28.930,73.0,5113.0,
44,,70.44,,,,Gary Woodland,,44,45,64.0,- 22.066,59.0,4178.0,
45,,70.444,,,,Aaron Wise,,42,46,68.0,1.313,66.0,4648.0,
46,,70.44800000000001,,,,Daniel Berger,,45,47,61.0,- 12.908,56.0,3958.0,
47,,70.45,,,,Charley Hoffman,,46,48,65.0,- 15.929,58.0,4102.0,
48,,70.453,,,,Kevin Na,,47,49,65.0,25.170,60.0,4202.0,
49,,70.476,,,,Austin Cook,,52,50,83.0,27.490,83.0,5822.0,
50,,70.483,,,,Beau Hossler,,48,51,86.0,29.575,86.0,6032.0,
51,,70.485,,,,Stewart Cink,,49,52,69.0,9.466,69.0,4854.0,
52,,70.486,,,,Ollie Schniederjans,,50,53,73.0,- 8.542,73.0,5154.0,
53,,70.498,,,,Kiradech Aphibarnrat,,53,54,41.0,- 22.066,36.0,2560.0,
54,,70.505,,,,Pat Perez,,54,55,59.0,- 8.742,52.0,3675.0,
55,,70.512,,,,Vaughn Taylor,,56,56,73.0,25.351,73.0,5122.0,
56,,70.535,,,,Jim Furyk,,55,57,38.0,- 24.732,36.0,2564.0,
57,,70.554,,,,Russell Knox,,57,58,78.0,12.011,74.0,5209.0,
58,,70.562,,,,Anirban Lahiri,,58,59,68.0,1.245,68.0,4797.0,
59,,70.569,,,,Andrew Putnam,,51,60,73.0,21.273,69.0,4848.0,
60,,70.57600000000001,,,,Alex Cejka,,60,61,63.0,14.007,59.0,4150.0,
61,,70.579,,,,Bronson Burgoon,,87,62,55.0,26.872,55.0,3855.0,
62,,70.58,,,,Jamie Lovemark,,61,63,74.0,5.587,70.0,4935.0,
63,,70.585,,,,Matt Kuchar,,62,64,68.0,8.083,60.0,4227.0,
64,,70.605,,,,Brandon Harkins,,63,65,89.0,23.670,87.0,6119.0,
65,,70.607,,,,Jason Kokrak,,65,66,73.0,23.294,73.0,5131.0,
66,,70.608,,,,Tyrrell Hatton,,66,67,34.0,- 26.757,30.0,2145.0,
67,,70.616,,,,Peter Uihlein,,67,68,65.0,- 1.049,60.0,4238.0,
68,,70.622,,,,Jimmy Walker,,68,69,63.0,- 14.300,59.0,4181.0,
69,,70.623,,,,Ian Poulter,,69,70,49.0,- 16.099,40.0,2841.0,
70,,70.633,,,,Hideki Matsuyama,,70,71,45.0,- 4.413,42.0,2971.0,
71,,70.652,,,,Patton Kizzire,,80,72,68.0,30.386,65.0,4562.0,
72,,70.653,,,,John Huh,,84,73,86.0,26.571,82.0,5767.0,
73,,70.657,,,,C.T. Pan,,76,74,84.0,17.883,82.0,5776.0,
74,,70.663,,,,Ryan Armour,,73,75,87.0,37.396,85.0,5969.0,
75,,70.669,,,,J.B. Holmes,,74,76,65.0,- 6.859,63.0,4459.0,
76,,70.682,,,,Rory Sabbatini,,72,77,81.0,27.845,79.0,5556.0,
77,,70.696,,,,Corey Conners,,78,78,87.0,23.127,85.0,5986.0,
78,,70.718,,,,Scott Stallings,,79,79,78.0,2.560,76.0,5372.0,
79,,70.721,,,,William McGirt,,64,T80,66.0,5.128,64.0,4521.0,
80,,70.721,,,,Sam Saunders,,77,T80,66.0,19.139,64.0,4507.0,
81,,70.72399999999999,,,,Cameron Smith,,82,82,57.0,- 3.825,50.0,3540.0,
82,,70.734,,,,Scott Piercy,,75,T83,69.0,8.712,65.0,4589.0,
83,,70.734,,,,Kyle Stanley,,71,T83,67.0,2.529,62.0,4383.0,
84,,70.73899999999999,,,,Xander Schauffele,,83,85,70.0,- 3.461,67.0,4743.0,
85,,70.745,,,,Patrick Rodgers,,86,86,87.0,- 3.219,87.0,6158.0,
86,,70.76100000000001,,,,Adam Scott,,85,87,54.0,- 20.887,54.0,3842.0,
87,,70.78,,,,Martin Laird,,88,88,59.0,16.920,55.0,3876.0,
88,,70.78699999999999,,,,J.T. Poston,,81,89,63.0,21.977,61.0,4296.0,
89,,70.789,,,,James Hahn,,89,90,71.0,20.681,68.0,4793.0,
90,,70.796,,,,Brendan Steele,,91,91,54.0,- 1.582,47.0,3329.0,
91,,70.806,,,,Seamus Power,,97,92,70.0,22.226,66.0,4651.0,
92,,70.807,,,,Troy Merritt,,93,93,75.0,16.305,71.0,5011.0,
93,,70.808,,,,Abraham Ancer,,92,94,78.0,16.370,76.0,5365.0,
94,,70.862,,,,Aaron Baddeley,,94,95,70.0,- 8.360,68.0,4827.0,
95,,70.877,,,,Billy Horschel,,96,96,60.0,2.124,56.0,3967.0,
96,,70.878,,,,Keith Mitchell,,107,97,81.0,34.369,79.0,5565.0,
97,,70.889,,,,Johnson Wagner,,111,98,59.0,34.649,57.0,4006.0,
98,,70.907,,,,Andrew Landry,,100,99,60.0,16.614,58.0,4096.0,
99,,70.908,,,,Trey Mullinax,,90,100,65.0,5.389,61.0,4320.0,
100,,70.913,,,,Tyler Duncan,,112,101,85.0,6.942,81.0,5737.0,
101,,70.916,,,,Tom Hoge,,101,102,85.0,16.187,81.0,5728.0,
102,,70.919,,,,Nick Watney,,99,103,76.0,17.198,72.0,5089.0,
103,,70.923,,,,Kevin Tway,,102,104,90.0,21.257,88.0,6220.0,
104,,70.929,,,,Ryan Palmer,,95,105,51.0,12.526,49.0,3463.0,
105,,70.931,,,,Peter Malnati,,98,106,73.0,10.082,71.0,5026.0,
106,,70.947,,,,Blayne Barber,,108,107,59.0,28.986,57.0,4015.0,
107,,70.95100000000001,,,,Kevin Kisner,,103,108,63.0,13.450,52.0,3676.0,
108,,70.96600000000001,,,,Ryan Blaum,,106,109,70.0,21.657,68.0,4804.0,
109,,70.968,,,,Sam Ryder,,130,110,66.0,36.978,64.0,4505.0,
110,,70.972,,,,Kevin Chappell,,104,111,59.0,- .556,56.0,3975.0,
111,,70.97399999999999,,,,Ben Martin,,105,112,64.0,9.367,64.0,4533.0,
112,,70.98100000000001,,,,Denny McCarthy,,116,113,63.0,25.860,59.0,4162.0,
113,,70.998,,,,Adam Hadwin,,109,114,72.0,5.853,69.0,4893.0,
114,,70.999,,,,Nate Lashley,,110,115,51.0,18.976,47.0,3318.0,
115,,71.009,,,,Matt Jones,,129,116,60.0,27.494,56.0,3949.0,
116,,71.021,,,,Fabián Gómez,,122,117,78.0,23.577,76.0,5374.0,
117,,71.056,,,,Michael Thompson,,113,118,48.0,10.683,48.0,3400.0,
118,,71.058,,,,Bill Haas,,115,119,66.0,3.820,66.0,4686.0,
119,,71.065,,,,Shane Lowry,,119,120,48.0,- 15.159,44.0,3142.0,
120,,71.066,,,,Lucas Glover,,120,121,65.0,- 9.950,61.0,4345.0,
121,,71.078,,,,Ben Crane,,114,122,59.0,26.298,55.0,3883.0,
122,,71.079,,,,Harold Varner III,,136,123,79.0,- 1.949,77.0,5475.0,
123,,71.08,,,,David Lingmerth,,118,124,70.0,13.429,68.0,4820.0,
124,,71.093,,,,Talor Gooch,,123,125,70.0,6.301,68.0,4828.0,
125,,71.098,,,,Lanto Griffin,,121,126,64.0,15.070,62.0,4393.0,
126,,71.105,,,,"Ted Potter, Jr.",,124,127,67.0,- 6.976,67.0,4771.0,
127,,71.119,,,,Graeme McDowell,,T125,128,55.0,- 19.918,51.0,3647.0,
128,,71.125,,,,Nicholas Lindheim,,117,129,65.0,33.634,61.0,4305.0,
129,,71.126,,,,Cameron Percy,,T125,130,42.0,20.784,38.0,2682.0,
130,,71.127,,,,Retief Goosen,,128,131,50.0,- 8.158,46.0,3280.0,
131,,71.14399999999999,,,,Dominic Bozzelli,,140,132,59.0,15.482,59.0,4182.0,
132,,71.187,,,,Brian Stuard,,127,133,83.0,12.801,79.0,5611.0,
133,,71.189,,,,Harris English,,131,T134,70.0,14.843,68.0,4826.0,
134,,71.189,,,,Kelly Kraft,,132,T134,82.0,12.090,80.0,5683.0,
135,,71.189,,,,Hunter Mahan,,142,T134,55.0,29.381,55.0,3886.0,
136,,71.199,,,,Scott Brown,,145,137,86.0,17.280,82.0,5821.0,
137,,71.21,,,,Tom Lovelady,,138,138,75.0,19.312,73.0,5179.0,
138,,71.212,,,,Tyrone Van Aswegen,,133,139,91.0,22.445,87.0,6173.0,
139,,71.215,,,,Jason Dufner,,135,140,57.0,- 1.246,50.0,3562.0,
140,,71.244,,,,Brett Stegmaier,,134,141,57.0,32.444,55.0,3886.0,
141,,71.281,,,,Richy Werenski,,149,142,86.0,21.039,82.0,5824.0,
142,,71.283,,,,Zac Blair,,137,143,50.0,24.562,48.0,3397.0,
143,,71.288,,,,Brice Garnett,,139,144,81.0,11.210,77.0,5478.0,
144,,71.294,,,,Ben Silverman,,141,145,76.0,14.724,74.0,5261.0,
145,,71.301,,,,Adam Schenk,,144,146,76.0,14.692,72.0,5119.0,
146,,71.324,,,,Mackenzie Hughes,,154,147,66.0,8.747,64.0,4556.0,
147,,71.35600000000001,,,,Bud Cauley,,148,148,55.0,6.864,53.0,3775.0,
148,,71.365,,,,Stephan Jaeger,,T146,149,65.0,13.981,63.0,4482.0,
149,,71.377,,,,Jhonattan Vegas,,150,150,70.0,- 3.753,67.0,4786.0,
150,,71.384,,,,J.J. Henry,,155,151,71.0,18.761,67.0,4764.0,
151,,71.389,,,,Si Woo Kim,,T146,152,80.0,11.537,76.0,5414.0,
152,,71.403,,,,Wesley Bryan,,143,T153,64.0,16.989,62.0,4410.0,
153,,71.403,,,,Nick Taylor,,156,T153,76.0,18.658,76.0,5408.0,
154,,71.406,,,,Robert Garrigus,,158,155,68.0,22.803,66.0,4690.0,
155,,71.41199999999999,,,,Shawn Stefani,,151,156,64.0,17.523,62.0,4410.0,
156,,71.436,,,,David Hearn,,165,157,54.0,24.799,50.0,3547.0,
157,,71.443,,,,Martin Flores,,153,158,78.0,16.658,76.0,5413.0,
158,,71.472,,,,Whee Kim,,T162,159,73.0,21.546,69.0,4910.0,
159,,71.487,,,,Rob Oppenheim,,157,160,62.0,17.252,58.0,4129.0,
160,,71.501,,,,Sean O'Hair,,152,161,57.0,2.574,53.0,3787.0,
161,,71.546,,,,Conrad Shindler,,164,162,46.0,32.118,46.0,3259.0,
162,,71.548,,,,Danny Lee,,160,163,68.0,18.177,66.0,4704.0,
163,,71.561,,,,Xinjun Zhang,,161,164,67.0,13.489,65.0,4638.0,
164,,71.572,,,,Jonathan Byrd,,159,165,56.0,26.728,52.0,3695.0,
165,,71.597,,,,Michael Kim,,181,166,64.0,15.797,60.0,4280.0,
166,,71.604,,,,Charl Schwartzel,,T162,167,53.0,- 19.217,46.0,3313.0,
167,,71.663,,,,Chad Campbell,,T169,168,75.0,19.065,71.0,5069.0,
168,,71.703,,,,Steve Wheatcroft,,176,169,48.0,26.730,48.0,3415.0,
169,,71.708,,,,Derek Fathauer,,168,170,76.0,18.788,76.0,5431.0,
170,,71.732,,,,Chris Stroud,,171,171,68.0,25.816,64.0,4565.0,
171,,71.78,,,,Roberto Díaz,,167,172,62.0,17.789,60.0,4289.0,
172,,71.789,,,,Hudson Swafford,,172,173,61.0,25.553,59.0,4210.0,
173,,71.83,,,,Billy Hurley III,,T169,174,56.0,6.818,54.0,3872.0,
174,,71.839,,,,Ricky Barnes,,179,175,49.0,27.425,47.0,3349.0,
175,,71.926,,,,Ethan Tracy,,175,176,58.0,24.684,58.0,4147.0,
176,,71.967,,,,Robert Streb,,174,177,66.0,6.798,66.0,4743.0,
177,,71.97800000000001,,,,Grayson Murray,,178,178,69.0,12.515,69.0,4954.0,
178,,71.992,,,,Jonathan Randolph,,180,179,59.0,7.543,55.0,3952.0,
179,,72.0,,,,K.J. Choi,,182,180,40.0,6.986,38.0,2729.0,
180,,72.005,,,,Matt Every,,177,181,69.0,12.361,67.0,4812.0,
181,,72.015,,,,Padraig Harrington,,183,182,36.0,.483,32.0,2304.0,
182,,72.018,,,,Cameron Tringale,,173,183,59.0,12.053,57.0,4093.0,
183,,72.025,,,,Martin Piller,,185,184,67.0,12.659,67.0,4813.0,
184,,72.072,,,,Ernie Els,,186,185,36.0,- 7.401,36.0,2602.0,
185,,72.082,,,,Sung Kang,,184,186,75.0,8.857,71.0,5109.0,
186,,72.13,,,,Cody Gribble,,188,187,65.0,14.935,61.0,4385.0,
187,,72.168,,,,Jonas Blixt,,187,188,55.0,11.930,53.0,3813.0,
188,,72.293,,,,Matt Atkins,,191,189,46.0,27.909,44.0,3153.0,
189,,72.39699999999999,,,,Rod Pampling,,190,190,52.0,9.647,52.0,3755.0,
190,,72.531,,,,Greg Chalmers,,192,191,56.0,4.591,52.0,3767.0,
191,,72.605,,,,Geoff Ogilvy,,193,192,43.0,11.996,43.0,3110.0,
192,,72.668,,,,Camilo Villegas,,195,193,45.0,.066,45.0,3270.0,
193,,72.67699999999999,,,,Zecheng Dou,,194,194,46.0,13.808,44.0,3184.0,
194,,72.71300000000001,,,,Sangmoon Bae,,196,195,39.0,5.789,39.0,2830.0,
195,,72.812,,,,Kyle Thompson,,197,196,40.0,18.840,38.0,2748.0,
196,,73.13,,,,Daniel Summerhays,,198,197,41.0,18.820,37.0,2687.0,
197,,73.593,,,,D.A. Points,,199,198,53.0,22.246,51.0,3731.0,
198,,73.947,,,,Andrew Yun,,200,199,43.0,20.921,39.0,2863.0,
199,,74.891,,,,Smylie Kaufman,,201,200,49.0,4.888,47.0,3515.0,
200,,,16.0,"$5,858,980",,Justin Thomas,,1,1,,,,,2.0
201,,,12.0,"$5,599,752",,Dustin Johnson,,2,2,,,,,2.0
202,,,16.0,"$5,121,848",,Bubba Watson,,3,3,,,,,3.0
203,,,12.0,"$5,007,303",,Justin Rose,,4,4,,,,,2.0
204,,,19.0,"$4,486,125",,Patrick Reed,,5,5,,,,,1.0
205,,,19.0,"$4,462,598",,Bryson DeChambeau,,6,6,,,,,1.0
206,,,13.0,"$4,347,887",,Jason Day,,7,7,,,,,2.0
207,,,9.0,"$4,034,417",,Brooks Koepka,,8,8,,,,,1.0
208,,,17.0,"$3,955,082",,Phil Mickelson,,9,9,,,,,1.0
209,,,18.0,"$3,727,442",,Webb Simpson,,10,10,,,,,1.0
210,,,20.0,"$3,394,142",,Tony Finau,,11,11,,,,,
211,,,15.0,"$3,344,197",,Rickie Fowler,,12,12,,,,,
212,,,18.0,"$3,253,721",,Marc Leishman,,13,13,,,,,
213,,,22.0,"$3,246,531",,Patton Kizzire,,14,14,,,,,2.0
214,,,13.0,"$3,194,620",,Paul Casey,,15,15,,,,,1.0
215,,,13.0,"$3,070,168",,Jon Rahm,,16,16,,,,,1.0
216,,,16.0,"$2,975,539",,Patrick Cantlay,,17,17,,,,,1.0
217,,,19.0,"$2,875,480",,Kevin Na,,18,18,,,,,1.0
218,,,11.0,"$2,738,680",,Tommy Fleetwood,,19,19,,,,,
219,,,24.0,"$2,712,658",,Chesson Hadley,,21,20,,,,,
220,,,17.0,"$2,701,828",,Pat Perez,,20,21,,,,,1.0
221,,,12.0,"$2,649,063",,Rory McIlroy,,22,22,,,,,1.0
222,,,19.0,"$2,601,490",,Brian Harman,,23,23,,,,,
223,,,23.0,"$2,563,642",,Aaron Wise,,24,24,,,,,1.0
224,,,23.0,"$2,534,209",,Luke List,,25,25,,,,,
225,,,21.0,"$2,481,525",,Andrew Landry,,26,26,,,,,1.0
226,,,20.0,"$2,433,710",,Xander Schauffele,,27,27,,,,,
227,,,10.0,"$2,412,647",,Henrik Stenson,,28,28,,,,,
228,,,12.0,"$2,411,126",,Alex Noren,,29,29,,,,,
229,,,22.0,"$2,370,611",,Chez Reavie,,30,30,,,,,
230,,,19.0,"$2,365,361",,Kyle Stanley,,31,31,,,,,
231,,,14.0,"$2,359,079",,Francesco Molinari,,42,32,,,,,1.0
232,,,13.0,"$2,324,927",,Ian Poulter,,32,33,,,,,1.0
233,,,23.0,"$2,313,686",,Beau Hossler,,33,34,,,,,
234,,,25.0,"$2,231,789",,Ryan Armour,,34,35,,,,,1.0
235,,,23.0,"$2,204,059",,Austin Cook,,36,36,,,,,1.0
236,,,15.0,"$2,189,548",,Brendan Steele,,35,37,,,,,1.0
237,,,17.0,"$2,158,880",,Cameron Smith,,37,38,,,,,
238,,,19.0,"$2,081,964",,Gary Woodland,,38,39,,,,,1.0
239,,,17.0,"$2,080,394",,Jordan Spieth,,39,40,,,,,
240,,,19.0,"$2,077,661",,Emiliano Grillo,,40,41,,,,,
241,,,23.0,"$2,065,935",,Charles Howell III,,41,42,,,,,
242,,,23.0,"$1,960,648",,Si Woo Kim,,43,43,,,,,
243,,,18.0,"$1,920,919",,Jimmy Walker,,44,44,,,,,
244,,,18.0,"$1,915,459",,Kevin Kisner,,45,45,,,,,
245,,,20.0,"$1,878,158",,Keegan Bradley,,46,46,,,,,
246,,,19.0,"$1,877,438",,Billy Horschel,,47,47,,,,,1.0
247,,,21.0,"$1,817,919",,Scott Piercy,,48,48,,,,,1.0
248,,,11.0,"$1,817,712",,Tiger Woods,,49,49,,,,,
249,,,17.0,"$1,804,374",,Byeong Hun An,,50,50,,,,,
250,,,23.0,"$1,800,458",,"Ted Potter, Jr.",,51,51,,,,,1.0
251,,,24.0,"$1,736,391",,Brian Gay,,52,52,,,,,
252,,,21.0,"$1,670,007",,J.J. Spaun,,53,53,,,,,
253,,,13.0,"$1,632,869",,Rafa Cabrera Bello,,54,54,,,,,
254,,,16.0,"$1,602,147",,Charl Schwartzel,,55,55,,,,,
255,,,17.0,"$1,584,651",,Ryan Moore,,57,56,,,,,
256,,,20.0,"$1,574,178",,Peter Uihlein,,56,57,,,,,
257,,,20.0,"$1,560,988",,J.B. Holmes,,58,58,,,,,
258,,,19.0,"$1,546,171",,Zach Johnson,,63,59,,,,,
259,,,22.0,"$1,530,682",,Chris Kirk,,59,60,,,,,
260,,,23.0,"$1,491,242",,Kevin Streelman,,73,61,,,,,
261,,,26.0,"$1,481,621",,Kelly Kraft,,62,62,,,,,
262,,,18.0,"$1,471,714",,Russell Henley,,60,63,,,,,
263,,,19.0,"$1,470,858",,Adam Hadwin,,61,64,,,,,
264,,,24.0,"$1,462,762",,Keith Mitchell,,74,65,,,,,
265,,,17.0,"$1,458,194",,Jason Dufner,,64,66,,,,,
266,,,12.0,"$1,442,707",,Louis Oosthuizen,,65,67,,,,,
267,,,13.0,"$1,410,799",,Hideki Matsuyama,,66,68,,,,,
268,,,22.0,"$1,398,585",,Andrew Putnam,,67,69,,,,,
269,,,13.0,"$1,374,679",,Branden Grace,,68,70,,,,,
270,,,12.0,"$1,346,646",,Satoshi Kodaira,,69,71,,,,,1.0
271,,,22.0,"$1,333,937",,Jason Kokrak,,70,72,,,,,
272,,,21.0,"$1,330,100",,James Hahn,,71,73,,,,,
273,,,24.0,"$1,328,232",,Whee Kim,,81,74,,,,,
274,,,23.0,"$1,325,986",,Michael Kim,,174,75,,,,,1.0
275,,,18.0,"$1,324,997",,Matt Kuchar,,72,76,,,,,
276,,,17.0,"$1,289,197",,Daniel Berger,,75,77,,,,,
277,,,22.0,"$1,287,492",,Russell Knox,,76,78,,,,,
278,,,20.0,"$1,268,748",,Stewart Cink,,77,79,,,,,
279,,,21.0,"$1,254,884",,Jamie Lovemark,,78,80,,,,,
280,,,26.0,"$1,251,742",,Tom Hoge,,79,81,,,,,
281,,,10.0,"$1,251,079",,Tyrrell Hatton,,80,82,,,,,
282,,,23.0,"$1,241,168",,Joel Dahmen,,110,83,,,,,
283,,,27.0,"$1,226,340",,Patrick Rodgers,,82,84,,,,,
284,,,25.0,"$1,188,069",,Sung Kang,,83,85,,,,,
285,,,19.0,"$1,182,100",,Anirban Lahiri,,84,86,,,,,
286,,,25.0,"$1,164,266",,Brice Garnett,,85,87,,,,,1.0
287,,,18.0,"$1,153,419",,Kevin Chappell,,86,88,,,,,
288,,,20.0,"$1,144,219",,Alex Cejka,,87,89,,,,,
289,,,21.0,"$1,135,735",,Trey Mullinax,,88,90,,,,,
290,,,21.0,"$1,133,153",,Ollie Schniederjans,,89,91,,,,,
291,,,21.0,"$1,128,720",,Nick Watney,,90,92,,,,,
292,,,24.0,"$1,099,930",,Abraham Ancer,,91,93,,,,,
293,,,26.0,"$1,098,994",,Kevin Tway,,93,94,,,,,
294,,,24.0,"$1,089,974",,Harold Varner III,,108,95,,,,,
295,,,19.0,"$1,088,986",,Brandt Snedeker,,92,96,,,,,
296,,,19.0,"$1,079,866",,Charley Hoffman,,94,97,,,,,
297,,,20.0,"$1,056,628",,Grayson Murray,,95,98,,,,,
298,,,17.0,"$1,055,576",,Ryan Palmer,,96,99,,,,,
299,,,26.0,"$1,033,925",,Brandon Harkins,,97,100,,,,,
300,,,19.0,"$1,032,863",,Sean O'Hair,,98,101,,,,,
301,,,27.0,"$1,013,788",,Scott Brown,,106,102,,,,,
302,,,25.0,"$1,009,481",,Scott Stallings,,99,103,,,,,
303,,,24.0,"$991,397",,Rory Sabbatini,,100,104,,,,,
304,,,19.0,"$961,726",,Bronson Burgoon,,135,105,,,,,
305,,,26.0,"$959,906",,John Huh,,115,106,,,,,
306,,,15.0,"$955,712",,Adam Scott,,101,107,,,,,
307,,,18.0,"$932,695",,Martin Laird,,102,108,,,,,
308,,,24.0,"$911,848",,Ryan Blaum,,105,109,,,,,
309,,,25.0,"$910,436",,Danny Lee,,103,110,,,,,
310,,,26.0,"$904,510",,Brian Stuard,,107,111,,,,,
311,,,17.0,"$900,591",,Bud Cauley,,104,112,,,,,
312,,,20.0,"$879,510",,Jhonattan Vegas,,109,113,,,,,
313,,,21.0,"$870,491",,Vaughn Taylor,,111,114,,,,,
314,,,22.0,"$849,186",,Sam Ryder,,143,115,,,,,
315,,,27.0,"$848,488",,Tyler Duncan,,121,116,,,,,
316,,,25.0,"$847,497",,C.T. Pan,,114,117,,,,,
317,,,22.0,"$836,781",,Sam Saunders,,112,118,,,,,
318,,,24.0,"$820,499",,Martin Piller,,113,119,,,,,
319,,,28.0,"$806,060",,Richy Werenski,,119,120,,,,,
320,,,18.0,"$800,661",,J.T. Poston,,117,121,,,,,
321,,,18.0,"$789,382",,Lucas Glover,,116,122,,,,,
322,,,10.0,"$766,704",,Sergio Garcia,,118,123,,,,,
323,,,27.0,"$748,284",,Tyrone Van Aswegen,,120,124,,,,,
324,,,23.0,"$717,614",,Seamus Power,,129,125,,,,,
325,,,24.0,"$711,781",,Corey Conners,,122,126,,,,,
326,,,21.0,"$686,544",,William McGirt,,123,127,,,,,
327,,,22.0,"$682,357",,Troy Merritt,,125,128,,,,,
328,,,26.0,"$679,086",,Harris English,,124,129,,,,,
329,,,25.0,"$675,237",,Nick Taylor,,126,130,,,,,
330,,,24.0,"$646,890",,Talor Gooch,,127,131,,,,,
331,,,23.0,"$641,900",,Aaron Baddeley,,128,132,,,,,
332,,,23.0,"$638,897",,Robert Garrigus,,133,133,,,,,
333,,,25.0,"$633,912",,Derek Fathauer,,134,134,,,,,
334,,,24.0,"$632,688",,Ben Silverman,,130,135,,,,,
335,,,21.0,"$621,899",,Bill Haas,,132,136,,,,,
336,,,18.0,"$620,646",,Ben Crane,,131,137,,,,,
337,,,22.0,"$579,228",,Nicholas Lindheim,,136,138,,,,,
338,,,10.0,"$567,934",,Steve Stricker,,137,139,,,,,
339,,,22.0,"$547,876",,David Lingmerth,,139,140,,,,,
340,,,16.0,"$537,544",,Retief Goosen,,138,141,,,,,
341,,,17.0,"$537,310",,Johnson Wagner,,144,142,,,,,
342,,,20.0,"$532,936",,Ben Martin,,140,143,,,,,
343,,,20.0,"$498,166",,Wesley Bryan,,141,144,,,,,
344,,,19.0,"$487,681",,Matt Jones,,156,145,,,,,
345,,,17.0,"$470,804",,Graeme McDowell,,142,146,,,,,
346,,,20.0,"$452,571",,Denny McCarthy,,145,147,,,,,
347,,,17.0,"$434,929",,David Hearn,,159,148,,,,,
348,,,24.0,"$431,086",,Tom Lovelady,,148,149,,,,,
349,,,24.0,"$427,802",,J.J. Henry,,152,150,,,,,
350,,,21.0,"$419,145",,Jonathan Randolph,,146,151,,,,,
351,,,24.0,"$419,034",,Adam Schenk,,147,152,,,,,
352,,,25.0,"$415,030",,Martin Flores,,151,153,,,,,
353,,,9.0,"$411,372",,Thomas Pieters,,149,154,,,,,
354,,,23.0,"$409,676",,Chris Stroud,,155,155,,,,,
355,,,24.0,"$408,720",,Chad Campbell,,181,156,,,,,
356,,,22.0,"$404,241",,Shawn Stefani,,150,157,,,,,
357,,,15.0,"$386,972",,Michael Thompson,,153,158,,,,,
358,,,24.0,"$382,782",,Fabián Gómez,,162,159,,,,,
359,,,24.0,"$379,283",,Xinjun Zhang,,154,160,,,,,
360,,,18.0,"$378,676",,Dominic Bozzelli,,164,161,,,,,
361,,,19.0,"$360,771",,Hudson Swafford,,160,162,,,,,
362,,,22.0,"$359,768",,Stephan Jaeger,,157,163,,,,,
363,,,12.0,"$358,148",,Jim Furyk,,158,164,,,,,
364,,,14.0,"$336,630",,Shane Lowry,,161,165,,,,,
365,,,24.0,"$329,997",,Peter Malnati,,163,166,,,,,
366,,,19.0,"$327,338",,Jonas Blixt,,165,167,,,,,
367,,,24.0,"$324,981",,Mackenzie Hughes,,179,168,,,,,
368,,,17.0,"$315,614",,Hunter Mahan,,169,169,,,,,
369,,,25.0,"$313,092",,Robert Streb,,166,170,,,,,
370,,,22.0,"$302,593",,Cody Gribble,,175,171,,,,,
371,,,19.0,"$301,837",,Blayne Barber,,173,172,,,,,
372,,,22.0,"$298,252",,Lanto Griffin,,172,173,,,,,
373,,,17.0,"$296,650",,Nate Lashley,,167,174,,,,,
374,,,19.0,"$291,756",,Ethan Tracy,,168,175,,,,,
375,,,20.0,"$288,023",,Greg Chalmers,,170,176,,,,,
376,,,26.0,"$285,708",,Matt Every,,171,177,,,,,
377,,,3.0,"$251,630",,Graham DeLaet,,176,178,,,,,
378,,,22.0,"$249,479",,Rob Oppenheim,,177,179,,,,,
379,,,10.0,"$247,229",,Ross Fisher,,178,180,,,,,
380,,,16.0,"$240,511",,Zac Blair,,180,181,,,,,
381,,,12.0,"$232,042",,Cameron Percy,,182,182,,,,,
382,,,14.0,"$229,439",,Camilo Villegas,,183,183,,,,,
383,,,15.0,"$226,367",,Daniel Summerhays,,184,184,,,,,
384,,,21.0,"$221,745",,Roberto Díaz,,185,185,,,,,
385,,,14.0,"$219,405",,K.J. Choi,,187,186,,,,,
386,,,18.0,"$217,878",,Ricky Barnes,,190,187,,,,,
387,,,10.0,"$209,216",,Tim Herron,,188,188,,,,,
388,,,16.0,"$206,504",,Steve Wheatcroft,,206,189,,,,,
389,,,22.0,"$201,136",,Smylie Kaufman,,189,190,,,,,
390,,,18.0,"$183,327",,Brett Stegmaier,,193,191,,,,,
391,,,20.0,"$180,225",,Jonathan Byrd,,191,192,,,,,
392,,,22.0,"$179,459",,Cameron Tringale,,192,193,,,,,
393,,,9.0,"$170,673",,Morgan Hoffmann,,194,194,,,,,
394,,,3.0,"$168,780",,Andres Romero,,,195,,,,,
395,,,15.0,"$167,542",,Sangmoon Bae,,195,196,,,,,
396,,,17.0,"$164,636",,Rod Pampling,,196,197,,,,,
397,,,7.0,"$158,035",,Parker McLachlin,,213,198,,,,,
398,,,9.0,"$154,121",,Stuart Appleby,,197,199,,,,,
399,,,3.0,"$108,500",,Jerry Kelly,,198,200,,,,,
400,,,16.0,"$105,549",,Conrad Shindler,,204,201,,,,,
401,,,10.0,"$103,612",,Brendon de Jonge,,203,202,,,,,
402,,,13.0,"$102,868",,Ernie Els,,199,203,,,,,
403,,,22.0,"$99,265",,D.A. Points,,200,204,,,,,
404,,,23.0,"$94,971",,Billy Hurley III,,201,205,,,,,
405,,,17.0,"$93,947",,Geoff Ogilvy,,202,206,,,,,
406,,,7.0,"$91,100",,George McNeill,,211,207,,,,,
407,,,19.0,"$90,993",,Zecheng Dou,,205,208,,,,,
408,,,9.0,"$87,042",,Davis Love III,,207,209,,,,,
409,,,12.0,"$84,896",,Padraig Harrington,,208,210,,,,,
410,,,9.0,"$82,098",,Martin Kaymer,,209,211,,,,,
411,,,9.0,"$81,989",,Luke Donald,,210,212,,,,,
412,,,17.0,"$78,226",,Matt Atkins,,218,213,,,,,
413,,,3.0,"$76,817",,Brandon Hagy,,212,214,,,,,
414,,,6.0,"$76,616",,Steve Marino,,214,215,,,,,
415,,,9.0,"$76,534",,Vijay Singh,,215,216,,,,,
416,,,11.0,"$69,241",,Ken Duke,,216,217,,,,,
417,,,7.0,"$69,125",,Eric Axley,,217,218,,,,,
418,,,6.0,"$68,604",,John Senden,,226,219,,,,,
419,,,8.0,"$68,407",,John Merrick,,234,220,,,,,
420,,,9.0,"$47,082",,Brian Davis,,219,221,,,,,
421,,,9.0,"$46,962",,Jim Herman,,220,222,,,,,
422,,,1.0,"$46,200",,Fred Couples,,T221,T223,,,,,
423,,,1.0,"$46,200",,Bernhard Langer,,T221,T223,,,,,
424,,,1.0,"$44,516",,Seung-Yul Noh,,223,225,,,,,
425,,,10.0,"$43,134",,Colt Knost,,224,226,,,,,
426,,,18.0,"$41,566",,Andrew Yun,,225,227,,,,,
427,,,7.0,"$39,508",,Tommy Gainey,,228,228,,,,,
428,,,7.0,"$39,000",,Troy Matteson,,227,229,,,,,
429,,,6.0,"$36,830",,Jason Bohn,,,230,,,,,
430,,,9.0,"$33,348",,Mark Wilson,,230,231,,,,,
431,,,2.0,"$24,448",,Andrew Johnston,,229,232,,,,,
432,,,5.0,"$20,353",,Ángel Cabrera,,T231,T233,,,,,
433,,,3.0,"$20,353",,Derek Ernst,,T231,T233,,,,,
434,,,6.0,"$19,970",,Robert Allenby,,233,235,,,,,
435,,,6.0,"$18,362",,John Daly,,235,236,,,,,
436,,,1.0,"$18,067",,Paul Goydos,,236,237,,,,,
437,,,6.0,"$16,920",,D.J. Trahan,,246,238,,,,,
438,,,8.0,"$15,431",,Bob Estes,,237,239,,,,,
439,,,7.0,"$14,274",,Omar Uresti,,238,240,,,,,
440,,,10.0,"$14,136",,Rick Lamb,,239,241,,,,,
441,,,18.0,"$14,000",,Kyle Thompson,,240,242,,,,,
442,,,8.0,"$13,856",,Dicky Pride,,241,243,,,,,
443,,,7.0,"$13,524",,Charlie Beljan,,242,244,,,,,
444,,,4.0,"$13,000",,Chris Couch,,243,245,,,,,
445,,,3.0,"$12,006",,Arjun Atwal,,,246,,,,,
446,,,4.0,"$11,484",,Kris Blanks,,,247,,,,,
447,,,4.0,"$8,784",,Daniel Chopra,,244,248,,,,,
448,,,7.0,"$8,213",,John Rollins,,245,249,,,,,
449,,,4.0,"$5,760",,Mike Weir,,247,250,,,,,
450,,,4.0,"$5,520",,Cameron Beckman,,T248,T251,,,,,
451,,,2.0,"$5,520",,Trevor Immelman,,T248,T251,,,,,
452,30.54,,9.0,,"$4,034,417",Brooks Koepka,"$13,208,800",1,1,,,,,
453,29.37,,12.0,,"$5,599,751",Dustin Johnson,"$19,064,000",2,2,,,,,
454,26.82,,12.0,,"$5,007,302",Justin Rose,"$18,670,800",3,3,,,,,
455,24.58,,16.0,,"$5,858,980",Justin Thomas,"$23,831,800",4,4,,,,,
456,21.7,,16.0,,"$5,121,847",Bubba Watson,"$23,606,800",5,5,,,,,
457,21.1,,13.0,,"$4,347,887",Jason Day,"$20,605,800",6,6,,,,,
458,16.74,,19.0,,"$4,462,598",Bryson DeChambeau,"$26,658,000",7,7,,,,,
459,16.15,,13.0,,"$3,194,619",Paul Casey,"$19,775,000",8,8,,,,,
460,15.88,,19.0,,"$4,486,124",Patrick Reed,"$28,245,800",9,9,,,,,
461,15.68,,17.0,,"$3,955,081",Phil Mickelson,"$25,220,000",10,10,,,,,
462,15.64,,13.0,,"$3,070,167",Jon Rahm,"$19,632,800",11,11,,,,,
463,15.48,,11.0,,"$2,738,680",Tommy Fleetwood,"$17,688,800",12,12,,,,,
464,15.43,,10.0,,"$2,412,646",Henrik Stenson,"$15,638,800",13,13,,,,,
465,14.91,,15.0,,"$3,344,196",Rickie Fowler,"$22,436,000",14,14,,,,,
466,14.79,,18.0,,"$3,727,441",Webb Simpson,"$25,198,000",15,15,,,,,
467,14.2,,12.0,,"$2,649,063",Rory McIlroy,"$18,656,000",16,16,,,,,
468,12.6,,12.0,,"$2,411,125",Alex Noren,"$19,136,000",17,17,,,,,
469,12.44,,16.0,,"$2,975,538",Patrick Cantlay,"$23,916,800",18,18,,,,,
470,11.95,,13.0,,"$2,324,927",Ian Poulter,"$19,449,800",19,19,,,,,
471,11.9,,18.0,,"$3,253,720",Marc Leishman,"$27,335,000",20,20,,,,,
472,11.69,,20.0,,"$3,394,142",Tony Finau,"$29,037,800",21,21,,,,,
473,11.24,,19.0,,"$2,875,480",Kevin Na,"$25,587,800",23,22,,,,,
474,11.03,,22.0,,"$3,246,530",Patton Kizzire,"$29,428,000",22,23,,,,,
475,10.98,,14.0,,"$2,359,079",Francesco Molinari,"$21,476,000",28,24,,,,,
476,10.77,,11.0,,"$1,817,712",Tiger Woods,"$16,884,000",24,25,,,,,
477,10.57,,17.0,,"$2,701,828",Pat Perez,"$25,563,800",25,26,,,,,
478,10.23,,15.0,,"$2,189,547",Brendan Steele,"$21,410,800",26,27,,,,,
479,9.6,,21.0,,"$2,481,525",Andrew Landry,"$25,840,800",27,28,,,,,
480,9.33,,19.0,,"$2,601,490",Brian Harman,"$27,875,000",29,29,,,,,
481,8.9,,2.0,,"$177,733",Scott Strohmeyer,"$1,998,000",32,30,,,,,
482,8.81,,23.0,,"$2,563,641",Aaron Wise,"$29,098,800",30,31,,,,,
483,8.76,,24.0,,"$2,712,658",Chesson Hadley,"$30,952,800",31,32,,,,,
484,8.71,,17.0,,"$2,158,879",Cameron Smith,"$24,795,800",33,33,,,,,
485,8.61,,1.0,,"$137,950",Sam Horsfield,"$1,602,000",36,34,,,,,
486,8.4,,17.0,,"$2,080,394",Jordan Spieth,"$24,758,800",37,35,,,,,
487,8.33,,10.0,,"$1,130,817",Joaquin Niemann,"$13,572,000",T34,36,,,,,
488,8.32,,19.0,,"$2,365,361",Kyle Stanley,"$28,433,000",T34,37,,,,,
489,8.27,,20.0,,"$2,433,709",Xander Schauffele,"$29,423,000",38,38,,,,,
490,8.17,,19.0,,"$2,077,660",Emiliano Grillo,"$25,417,800",39,39,,,,,
491,8.09,,23.0,,"$2,534,208",Luke List,"$31,319,000",40,40,,,,,
492,8.08,,13.0,,"$1,632,868",Rafa Cabrera Bello,"$20,217,800",41,41,,,,,
493,7.89,,23.0,,"$2,313,685",Beau Hossler,"$29,322,000",43,42,,,,,
494,7.76,,18.0,,"$1,920,918",Jimmy Walker,"$24,760,800",44,43,,,,,
495,7.7,,22.0,,"$2,370,611",Chez Reavie,"$30,783,800",42,44,,,,,
496,7.68,,12.0,,"$1,456,895",Satoshi Kodaira,"$18,970,000",T45,T45,,,,,
497,7.68,,12.0,,"$1,442,707",Louis Oosthuizen,"$18,782,800",T45,T45,,,,,
498,7.65,,17.0,,"$1,804,373",Byeong Hun An,"$23,581,800",47,47,,,,,
499,7.56,,19.0,,"$2,081,964",Gary Woodland,"$27,539,800",T48,48,,,,,
500,7.55,,10.0,,"$1,251,078",Tyrrell Hatton,"$16,562,000",50,49,,,,,
501,7.39,,23.0,,"$2,204,058",Austin Cook,"$29,826,000",T48,50,,,,,
502,7.36,,18.0,,"$1,915,458",Kevin Kisner,"$26,018,800",51,51,,,,,
503,7.34,,19.0,,"$1,877,437",Billy Horschel,"$25,588,800",T52,T52,,,,,
504,7.34,,2.0,,"$189,000",Chase Seiffert,"$2,574,000",T52,T52,,,,,
505,7.22,,1.0,,"$39,000",Tyler McCumber,"$540,000",54,54,,,,,
506,7.09,,25.0,,"$2,231,789",Ryan Armour,"$31,492,800",57,55,,,,,
507,6.9,,13.0,,"$1,410,798",Hideki Matsuyama,"$20,460,000",58,56,,,,,
508,6.89,,17.0,,"$1,584,651",Ryan Moore,"$23,004,000",55,57,,,,,
509,6.82,,21.0,,"$1,817,919",Scott Piercy,"$26,650,800",56,58,,,,,
510,6.78,,20.0,,"$1,878,157",Keegan Bradley,"$27,711,800",59,59,,,,,
511,6.74,,1.0,,"$114,500",Adam Bland,"$1,700,000",60,60,,,,,
512,6.61,,2.0,,"$183,362",Daisuke Kataoka,"$2,776,000",61,61,,,,,
513,6.58,,13.0,,"$1,374,678",Branden Grace,"$20,891,000",62,62,,,,,
514,6.53,,11.0,,"$1,177,245",Kiradech Aphibarnrat,"$18,038,000",63,63,,,,,
515,6.51,,16.0,,"$1,602,147",Charl Schwartzel,"$24,591,800",64,64,,,,,
516,6.44,,3.0,,"$168,780",Andres Romero,"$2,620,800",,65,,,,,
517,6.43,,23.0,,"$2,065,934",Charles Howell III,"$32,115,000",65,66,,,,,
518,6.4,,21.0,,"$1,670,007",J.J. Spaun,"$26,110,800",66,67,,,,,
519,6.23,,3.0,,"$251,630",Graham DeLaet,"$4,041,000",T67,68,,,,,
520,6.1,,5.0,,"$396,187",Paul Dunne,"$6,492,000",69,69,,,,,
521,6.03,,23.0,,"$1,960,647",Si Woo Kim,"$32,511,000",T67,70,,,,,
522,6.02,,2.0,,"$150,733",Alex Kang,"$2,502,000",70,71,,,,,
523,5.99,,17.0,,"$1,458,193",Jason Dufner,"$24,344,800",T71,T72,,,,,
524,5.99,,2.0,,"$107,770",Seungsu Han,"$1,800,000",T71,T72,,,,,
525,5.93,,19.0,,"$1,546,170",Zach Johnson,"$26,064,800",73,74,,,,,
526,5.83,,20.0,,"$1,560,987",J.B. Holmes,"$26,767,800",T74,75,,,,,
527,5.82,,23.0,,"$1,800,457","Ted Potter, Jr.","$30,960,000",76,76,,,,,
528,5.76,,20.0,,"$1,574,177",Peter Uihlein,"$27,318,800",77,77,,,,,
529,5.63,,24.0,,"$1,736,390",Brian Gay,"$30,826,800",T74,78,,,,,
530,5.55,,22.0,,"$1,530,682",Chris Kirk,"$27,559,800",79,79,,,,,
531,5.53,,4.0,,"$289,900",Chris Paisley,"$5,238,800",80,80,,,,,
532,5.5,,22.0,,"$1,398,585",Andrew Putnam,"$25,444,800",78,81,,,,,
533,5.44,,1.0,,"$90,250",Ashun Wu,"$1,660,000",T81,T82,,,,,
534,5.44,,1.0,,"$90,250",Hideto Tanihara,"$1,660,000",T81,T82,,,,,
535,5.43,,18.0,,"$1,471,714",Russell Henley,"$27,083,000",83,84,,,,,
536,5.35,,1.0,,"$91,000",Jorge Campillo,"$1,700,000",84,85,,,,,
537,5.22,,19.0,,"$1,470,857",Adam Hadwin,"$28,181,000",T85,86,,,,,
538,5.21,,5.0,,"$428,632",Bernd Wiesberger,"$8,228,000",87,87,,,,,
539,5.14,,17.0,,"$1,289,197",Daniel Berger,"$25,077,800",88,88,,,,,
540,5.11,,23.0,,"$1,491,242",Kevin Streelman,"$29,178,000",96,89,,,,,
541,5.05,,18.0,,"$1,324,997",Matt Kuchar,"$26,220,800",89,90,,,,,
542,5.04,,24.0,,"$1,462,762",Keith Mitchell,"$29,044,800",99,91,,,,,
543,5.01,,17.0,,"$1,055,575",Ryan Palmer,"$21,052,800",T85,92,,,,,
544,4.97,,10.0,,"$766,703",Sergio Garcia,"$15,416,800",90,93,,,,,
545,4.9,,9.0,,"$742,883",Matthew Fitzpatrick,"$15,158,000",T91,T94,,,,,
546,4.9,,4.0,,"$232,810",John Oda,"$4,752,000",T91,T94,,,,,
547,4.82,,20.0,,"$1,268,748",Stewart Cink,"$26,325,000",93,96,,,,,
548,4.8,,23.0,,"$1,325,986",Michael Kim,"$27,640,800",T295,97,,,,,
549,4.79,,1.0,,"$79,500",Hyun-woo Ryu,"$1,660,000",94,98,,,,,
550,4.76,,22.0,,"$1,333,937",Jason Kokrak,"$28,008,000",95,99,,,,,
551,4.65,,21.0,,"$1,330,100",James Hahn,"$28,601,000",97,100,,,,,
552,4.63,,23.0,,"$1,241,168",Joel Dahmen,"$26,830,800",139,101,,,,,
553,4.58,,19.0,,"$1,182,099",Anirban Lahiri,"$25,803,000",100,102,,,,,
554,4.57,,20.0,,"$1,144,218",Alex Cejka,"$25,030,800",T101,T103,,,,,
555,4.57,,21.0,,"$1,254,884",Jamie Lovemark,"$27,469,800",T101,T103,,,,,
556,4.53,,26.0,,"$1,481,620",Kelly Kraft,"$32,725,800",98,105,,,,,
557,4.42,,22.0,,"$1,287,491",Russell Knox,"$29,116,800",105,106,,,,,
558,4.4,,18.0,,"$1,153,419",Kevin Chappell,"$26,242,000",106,107,,,,,
559,4.37,,19.0,,"$961,726",Bronson Burgoon,"$21,996,000",164,108,,,,,
560,4.33,,21.0,,"$1,135,734",Trey Mullinax,"$26,218,800",103,T109,,,,,
561,4.33,,19.0,,"$1,088,986",Brandt Snedeker,"$25,138,800",109,T109,,,,,
562,4.3,,24.0,,"$1,328,232",Whee Kim,"$30,889,800",113,111,,,,,
563,4.29,,1.0,,"$73,000",Joost Luiten,"$1,700,000",110,112,,,,,
564,4.24,,19.0,,"$1,032,862",Sean O'Hair,"$24,346,800",104,T113,,,,,
565,4.24,,21.0,,"$1,128,720",Nick Watney,"$26,614,800",107,T113,,,,,
566,4.22,,3.0,,"$194,950",David Lipsky,"$4,620,000",111,115,,,,,
567,4.19,,15.0,,"$955,712",Adam Scott,"$22,801,000",112,116,,,,,
568,4.15,,10.0,,"$567,934",Steve Stricker,"$13,690,800",108,117,,,,,
569,4.11,,3.0,,"$164,923",A.J. McInerney,"$4,014,000",114,118,,,,,
570,4.02,,17.0,,"$900,590",Bud Cauley,"$22,429,800",T115,T119,,,,,
571,4.02,,18.0,,"$932,694",Martin Laird,"$23,212,800",T115,T119,,,,,
572,3.98,,1.0,,"$50,804",Oscar Fraustro,"$1,278,000",T118,T121,,,,,
573,3.98,,20.0,,"$1,056,628",Grayson Murray,"$26,541,000",T118,T121,,,,,
574,3.96,,21.0,,"$1,133,153",Ollie Schniederjans,"$28,593,000",121,123,,,,,
575,3.94,,19.0,,"$1,079,865",Charley Hoffman,"$27,404,800",122,124,,,,,
576,3.89,,1.0,,"$64,500",Haydn Porteous,"$1,660,000",T123,T125,,,,,
577,3.89,,1.0,,"$64,500",Richard Sterne,"$1,660,000",T123,T125,,,,,
578,3.86,,25.0,,"$1,164,265",Brice Garnett,"$30,124,800",117,127,,,,,
579,3.84,,18.0,,"$800,660",J.T. Poston,"$20,854,800",T118,128,,,,,
580,3.83,,26.0,,"$1,251,742",Tom Hoge,"$32,662,800",125,129,,,,,
581,3.8,,24.0,,"$1,099,929",Abraham Ancer,"$28,926,800",127,130,,,,,
582,3.78,,1.0,,"$62,900",K.T. Kim,"$1,665,000",T128,T131,,,,,
583,3.78,,7.0,,"$359,097",Julian Suri,"$9,494,000",T128,T131,,,,,
584,3.74,,1.0,,"$63,500",Wade Ormsby,"$1,700,000",130,133,,,,,
585,3.68,,25.0,,"$1,188,069",Sung Kang,"$32,257,800",126,134,,,,,
586,3.67,,1.0,,"$79,200",Matthieu Pavon,"$2,160,000",132,135,,,,,
587,3.59,,24.0,,"$1,089,973",Harold Varner III,"$30,349,800",148,136,,,,,
588,3.49,,2.0,,"$101,900",Poom Saksansin,"$2,920,000",134,137,,,,,
589,3.46,,27.0,,"$1,226,340",Patrick Rodgers,"$35,451,000",133,138,,,,,
590,3.42,,5.0,,"$236,569",Dylan Meyer,"$6,912,000",131,139,,,,,
591,3.38,,11.0,,"$495,916",Sam Burns,"$14,662,800",138,140,,,,,
592,3.36,,21.0,,"$870,491",Vaughn Taylor,"$25,902,000",137,141,,,,,
593,3.35,,26.0,,"$1,098,994",Kevin Tway,"$32,797,800",136,142,,,,,
594,3.34,,22.0,,"$849,185",Sam Ryder,"$25,444,800",T218,T143,,,,,
595,3.34,,24.0,,"$991,397",Rory Sabbatini,"$29,656,800",135,T143,,,,,
596,3.18,,26.0,,"$1,033,924",Brandon Harkins,"$32,518,800",140,145,,,,,
597,3.15,,25.0,,"$1,009,481",Scott Stallings,"$32,014,800",141,146,,,,,
598,3.14,,18.0,,"$789,381",Lucas Glover,"$25,133,800",145,147,,,,,
599,3.11,,3.0,,"$108,500",Jerry Kelly,"$3,484,800",146,148,,,,,
600,3.09,,24.0,,"$911,848",Ryan Blaum,"$29,530,800",144,T149,,,,,
601,3.09,,1.0,,"$52,500",Brett Rumford,"$1,700,000",147,T149,,,,,
602,3.08,,22.0,,"$836,781",Sam Saunders,"$27,136,800",143,151,,,,,
603,3.03,,18.0,,"$620,646",Ben Crane,"$20,512,800",142,152,,,,,
604,3.0,,9.0,,"$411,371",Thomas Pieters,"$13,709,000",T149,T153,,,,,
605,3.0,,20.0,,"$879,510",Jhonattan Vegas,"$29,333,000",T149,T153,,,,,
606,2.96,,26.0,,"$959,905",John Huh,"$32,374,800",182,155,,,,,
607,2.95,,2.0,,"$86,280",SSP Chawrasia,"$2,920,000",T151,T156,,,,,
608,2.95,,2.0,,"$86,200",Phachara Khongwatmai,"$2,920,000",T151,T156,,,,,
609,2.93,,27.0,,"$1,013,787",Scott Brown,"$34,615,800",T171,T158,,,,,
610,2.93,,16.0,,"$537,543",Retief Goosen,"$18,316,800",153,T158,,,,,
611,2.91,,1.0,,"$48,250",Chan Kim,"$1,660,000",T155,T160,,,,,
612,2.91,,1.0,,"$48,250",Jordan L Smith,"$1,660,000",T155,T160,,,,,
613,2.89,,2.0,,"$97,000",Brandon Stone,"$3,360,000",157,162,,,,,
614,2.86,,9.0,,"$391,176",Dylan Frittelli,"$13,696,000",159,163,,,,,
615,2.85,,9.0,,"$436,380",HaoTong Li,"$15,338,000",160,164,,,,,
616,2.83,,25.0,,"$910,436",Danny Lee,"$32,185,800",154,165,,,,,
617,2.78,,1.0,,"$46,125",Mike Hendry,"$1,660,000",162,166,,,,,
618,2.77,,2.0,,"$106,854",Dean Burmester,"$3,860,000",163,T167,,,,,
619,2.77,,24.0,,"$820,499",Martin Piller,"$29,628,000",158,T167,,,,,
620,2.76,,26.0,,"$904,510",Brian Stuard,"$32,716,800",161,T169,,,,,
621,2.76,,17.0,,"$537,309",Johnson Wagner,"$19,468,800",184,T169,,,,,
622,2.75,,1.0,,"$45,625",Matthew Griffin,"$1,660,000",T165,T171,,,,,
623,2.75,,1.0,,"$45,625",Michael Lorenzo-Vera,"$1,660,000",T165,T171,,,,,
624,2.69,,22.0,,"$682,356",Troy Merritt,"$25,408,800",167,T173,,,,,
625,2.69,,23.0,,"$717,613",Seamus Power,"$26,704,800",183,T173,,,,,
626,2.69,,1.0,,"$44,625",Graeme Storm,"$1,660,000",T169,T173,,,,,
627,2.69,,2.0,,"$59,180",Fabrizio Zanotti,"$2,200,000",T169,T173,,,,,
628,2.67,,1.0,,"$44,515",Jinho Choi,"$1,665,000",T171,T177,,,,,
629,2.67,,1.0,,"$44,250",Yan Wei Liu,"$1,660,000",T171,T177,,,,,
630,2.67,,1.0,,"$44,515",Seung-Yul Noh,"$1,665,000",T171,T177,,,,,
631,2.65,,1.0,,"$44,000",Ashley Hall,"$1,660,000",175,180,,,,,
632,2.64,,1.0,,"$43,750",Andrew Dodt,"$1,660,000",T176,T181,,,,,
633,2.64,,25.0,,"$847,497",C.T. Pan,"$32,077,800",T176,T181,,,,,
634,2.63,,2.0,,"$100,528",Ryan Fox,"$3,820,000",178,183,,,,,
635,2.61,,1.0,,"$43,250",Yi Cao,"$1,660,000",179,T184,,,,,
636,2.61,,21.0,,"$686,544",William McGirt,"$26,344,800",168,T184,,,,,
637,2.57,,1.0,,"$13,856",Ryan Brehm,"$540,000",181,T186,,,,,
638,2.57,,27.0,,"$848,488",Tyler Duncan,"$33,004,800",T196,T186,,,,,
639,2.55,,24.0,,"$711,780",Corey Conners,"$27,910,800",180,188,,,,,
640,2.39,,4.0,,"$149,967",Gavin Kyle Green,"$6,285,000",185,189,,,,,
641,2.36,,12.0,,"$358,147",Jim Furyk,"$15,166,800",186,190,,,,,
642,2.34,,23.0,,"$638,896",Robert Garrigus,"$27,352,800",T196,T191,,,,,
643,2.34,,3.0,,"$76,817",Brandon Hagy,"$3,276,000",T187,T191,,,,,
644,2.33,,1.0,,"$46,200",Fred Couples,"$1,980,000",T189,T193,,,,,
645,2.33,,1.0,,"$46,200",Bernhard Langer,"$1,980,000",T189,T193,,,,,
646,2.33,,8.0,,"$220,774",John Peterson,"$9,460,800",T189,T193,,,,,
647,2.33,,1.0,,"$26,040",Josh Teater,"$1,116,000",T189,T193,,,,,
648,2.33,,28.0,,"$806,060",Richy Werenski,"$34,552,800",200,T193,,,,,
649,2.32,,8.0,,"$296,445",Shubhankar Sharma,"$12,796,000",193,198,,,,,
650,2.28,,1.0,,"$28,700",Jazz Janewattananond,"$1,260,000",198,199,,,,,
651,2.26,,17.0,,"$434,928",David Hearn,"$19,252,800",T215,200,,,,,
652,2.25,,23.0,,"$641,899",Aaron Baddeley,"$28,504,800",T187,201,,,,,
653,2.23,,24.0,,"$646,890",Talor Gooch,"$29,062,800",T194,T202,,,,,
654,2.23,,27.0,,"$748,284",Tyrone Van Aswegen,"$33,490,800",T194,T202,,,,,
655,2.22,,21.0,,"$621,899",Bill Haas,"$27,994,000",199,204,,,,,
656,2.2,,22.0,,"$579,227",Nicholas Lindheim,"$26,272,800",201,T205,,,,,
657,2.2,,24.0,,"$632,688",Ben Silverman,"$28,702,800",T202,T205,,,,,
658,2.17,,26.0,,"$679,085",Harris English,"$31,312,800",T202,207,,,,,
659,2.15,,19.0,,"$487,680",Matt Jones,"$22,726,800",T225,208,,,,,
660,2.14,,17.0,,"$470,804",Graeme McDowell,"$21,961,800",T204,209,,,,,
661,2.13,,20.0,,"$532,936",Ben Martin,"$25,020,000",206,210,,,,,
662,2.1,,7.0,,"$158,034",Parker McLachlin,"$7,542,000",T277,211,,,,,
663,2.09,,3.0,,"$68,800",Wyndham Clark,"$3,294,000",207,T212,,,,,
664,2.09,,25.0,,"$633,912",Derek Fathauer,"$30,276,000",T212,T212,,,,,
665,2.09,,25.0,,"$675,237",Nick Taylor,"$32,301,000",T209,T212,,,,,
666,2.08,,2.0,,"$79,500",Matthew Southgate,"$3,820,000",208,215,,,,,
667,2.07,,2.0,,"$60,400",Scott Hend,"$2,920,000",T209,216,,,,,
668,2.02,,15.0,,"$386,971",Michael Thompson,"$19,134,000",T204,217,,,,,
669,2.0,,1.0,,"$24,480",Jim Knous,"$1,224,000",T212,T218,,,,,
670,2.0,,22.0,,"$547,875",David Lingmerth,"$27,406,800",211,T218,,,,,
671,1.96,,20.0,,"$452,570",Denny McCarthy,"$23,140,800",217,220,,,,,
672,1.88,,2.0,,"$72,000",Thorbjørn Olesen,"$3,820,000",220,221,,,,,
673,1.86,,20.0,,"$498,166",Wesley Bryan,"$26,753,800",T215,222,,,,,
674,1.83,,1.0,,"$30,525",Jung-gon Hwang,"$1,665,000",T221,T223,,,,,
675,1.83,,4.0,,"$137,500",Alexander Levy,"$7,500,000",T221,T223,,,,,
676,1.78,,10.0,,"$209,216",Tim Herron,"$11,736,000",214,T225,,,,,
677,1.78,,1.0,,"$22,400",Prayad Marksaeng,"$1,260,000",223,T225,,,,,
678,1.76,,12.0,,"$232,042",Cameron Percy,"$13,186,800",T218,227,,,,,
679,1.71,,14.0,,"$336,629",Shane Lowry,"$19,684,800",T225,228,,,,,
680,1.69,,2.0,,"$64,500",WC Liang,"$3,820,000",227,229,,,,,
681,1.68,,21.0,,"$419,144",Jonathan Randolph,"$24,904,800",224,230,,,,,
682,1.66,,18.0,,"$378,675",Dominic Bozzelli,"$22,824,000",T239,231,,,,,
683,1.64,,6.0,,"$161,660",Yuta Ikeda,"$9,844,000",T228,232,,,,,
684,1.63,,1.0,,"$20,788",Carlos Ortiz,"$1,278,000",T230,T233,,,,,
685,1.63,,1.0,,"$8,784",Santiago Rivas,"$540,000",T230,T233,,,,,
686,1.6,,17.0,,"$315,613",Hunter Mahan,"$19,782,000",237,235,,,,,
687,1.58,,2.0,,"$60,500",Richie Ramsay,"$3,820,000",232,236,,,,,
688,1.57,,22.0,,"$404,240",Shawn Stefani,"$25,714,800",T228,237,,,,,
689,1.55,,10.0,,"$247,228",Ross Fisher,"$15,978,800",T233,T238,,,,,
690,1.55,,5.0,,"$125,336",Yusaku Miyazato,"$8,098,000",T233,T238,,,,,
691,1.54,,24.0,,"$431,086",Tom Lovelady,"$27,946,800",T233,240,,,,,
692,1.53,,17.0,,"$296,650",Nate Lashley,"$19,360,800",238,241,,,,,
693,1.5,,9.0,,"$154,120",Stuart Appleby,"$10,296,000",T239,T242,,,,,
694,1.5,,9.0,,"$170,673",Morgan Hoffmann,"$11,349,000",241,T242,,,,,
695,1.5,,24.0,,"$419,033",Adam Schenk,"$28,000,800",T233,T242,,,,,
696,1.48,,24.0,,"$427,801",J.J. Henry,"$28,846,800",244,245,,,,,
697,1.45,,19.0,,"$360,770",Hudson Swafford,"$24,809,800",243,246,,,,,
698,1.43,,2.0,,"$33,006",Nick Hardy,"$2,304,000",T277,T247,,,,,
699,1.43,,1.0,,"$23,759",Kyoung-Hoon Lee,"$1,665,000",245,T247,,,,,
700,1.41,,22.0,,"$359,768",Stephan Jaeger,"$25,462,800",242,T249,,,,,
701,1.41,,23.0,,"$409,675",Chris Stroud,"$29,089,800",254,T249,,,,,
702,1.37,,24.0,,"$382,782",Fabián Gómez,"$27,928,800",T265,T251,,,,,
703,1.37,,1.0,,"$15,301",Greyson Sigg,"$1,116,000",T249,T251,,,,,
704,1.36,,24.0,,"$408,719",Chad Campbell,"$30,043,800",311,T253,,,,,
705,1.36,,25.0,,"$415,030",Martin Flores,"$30,466,800",T249,T253,,,,,
706,1.34,,1.0,,"$16,846",Richard Lee,"$1,260,000",253,T255,,,,,
707,1.34,,19.0,,"$291,755",Ethan Tracy,"$21,834,000",248,T255,,,,,
708,1.33,,16.0,,"$240,511",Zac Blair,"$18,046,800",T246,257,,,,,
709,1.32,,15.0,,"$226,367",Daniel Summerhays,"$17,128,800",T246,258,,,,,
710,1.31,,19.0,,"$327,337",Jonas Blixt,"$25,075,800",255,T259,,,,,
711,1.31,,24.0,,"$379,282",Xinjun Zhang,"$28,886,800",251,T259,,,,,
712,1.3,,19.0,,"$301,836",Blayne Barber,"$23,284,800",T258,T261,,,,,
713,1.3,,14.0,,"$219,405",K.J. Choi,"$16,885,800",256,T261,,,,,
714,1.29,,14.0,,"$229,438",Camilo Villegas,"$17,721,000",257,263,,,,,
715,1.28,,1.0,,"$16,082",Bobby Gates,"$1,260,000",T258,T264,,,,,
716,1.28,,2.0,,"$43,926",Tim Wilkinson,"$3,438,000",T258,T264,,,,,
717,1.26,,1.0,,"$14,012",Henrik Norlander,"$1,116,000",T261,T266,,,,,
718,1.26,,7.0,,"$110,020",T.J. Vogel,"$8,748,000",T261,T266,,,,,
719,1.26,,1.0,,"$6,810",Chris Wood,"$540,000",T261,T266,,,,,
720,1.25,,20.0,,"$288,022",Greg Chalmers,"$23,032,800",264,269,,,,,
721,1.24,,1.0,,"$20,627",Young-han Song,"$1,665,000",T265,270,,,,,
722,1.23,,1.0,,"$15,540",Juvic Pagunsan,"$1,260,000",267,271,,,,,
723,1.22,,1.0,,"$20,350",Hyungjoon Lee,"$1,665,000",T268,T272,,,,,
724,1.22,,1.0,,"$19,491",Curtis Luck,"$1,602,000",T268,T272,,,,,
725,1.21,,1.0,,"$9,331",Spencer Levin,"$774,000",271,274,,,,,
726,1.2,,7.0,,"$103,623",Maverick McNealy,"$8,640,000",T272,T275,,,,,
727,1.2,,7.0,,"$91,099",George McNeill,"$7,578,000",T268,T275,,,,,
728,1.2,,1.0,,"$6,480",Augusto Núñez,"$540,000",T272,T275,,,,,
729,1.19,,1.0,,"$19,046",Andrew Dorn,"$1,602,000",T275,T278,,,,,
730,1.19,,1.0,,"$14,190",Grant Hirschman,"$1,188,000",T275,T278,,,,,
731,1.18,,1.0,,"$25,425",Mickey DeMorat,"$2,160,000",T277,T280,,,,,
732,1.18,,1.0,,"$14,910",James Driscoll,"$1,260,000",T277,T280,,,,,
733,1.18,,1.0,,"$25,425",Chris Naegel,"$2,160,000",T277,T280,,,,,
734,1.17,,1.0,,"$14,770",Danny Chia,"$1,260,000",T282,T283,,,,,
735,1.17,,1.0,,"$14,348",Ryan Hogue,"$1,224,000",T282,T283,,,,,
736,1.16,,1.0,,"$12,958",Joshua Creel,"$1,116,000",T284,T285,,,,,
737,1.16,,1.0,,"$8,944",Nicholas Thompson,"$774,000",T284,T285,,,,,
738,1.15,,24.0,,"$329,997",Peter Malnati,"$28,630,800",T272,287,,,,,
739,1.14,,1.0,,"$24,692",Calum Hill,"$2,160,000",286,T288,,,,,
740,1.14,,16.0,,"$206,504",Steve Wheatcroft,"$18,108,000",T337,T288,,,,,
741,1.13,,1.0,,"$18,067",Paul Goydos,"$1,602,000",T287,T290,,,,,
742,1.13,,22.0,,"$298,251",Lanto Griffin,"$26,416,800",T287,T290,,,,,
743,1.13,,1.0,,"$14,210",Dawie van der Walt,"$1,260,000",T287,T290,,,,,
744,1.13,,1.0,,"$13,464",Casey Wittenberg,"$1,188,000",T287,T290,,,,,
745,1.12,,1.0,,"$8,686",Grady Brame Jr.,"$774,000",291,294,,,,,
746,1.11,,1.0,,"$23,959",Cameron Wilson,"$2,160,000",292,295,,,,,
747,1.08,,22.0,,"$302,592",Cody Gribble,"$27,919,800",T299,T296,,,,,
748,1.08,,1.0,,"$18,037",Junghwan Lee,"$1,665,000",293,T296,,,,,
749,1.07,,18.0,,"$217,878",Ricky Barnes,"$20,404,800",298,T298,,,,,
750,1.07,,1.0,,"$5,760",Julio Santos,"$540,000",294,T298,,,,,
751,1.06,,1.0,,"$17,575",Jeunghun Wang,"$1,665,000",T295,300,,,,,
752,1.04,,1.0,,"$13,160",Nicholas Fung,"$1,260,000",297,T301,,,,,
753,1.04,,24.0,,"$324,981",Mackenzie Hughes,"$31,294,800",T313,T301,,,,,
754,1.03,,1.0,,"$10,730",Sean McCarty,"$1,044,000",,303,,,,,
755,1.01,,2.0,,"$25,080",Scottie Scheffler,"$2,484,000",T301,304,,,,,
756,1.0,,6.0,,"$76,616",Steve Marino,"$7,668,000",303,305,,,,,
757,0.98,,22.0,,"$249,479",Rob Oppenheim,"$25,552,800",T299,T306,,,,,
758,0.98,,1.0,,"$12,320",Lee Westwood,"$1,260,000",304,T306,,,,,
759,0.97,,25.0,,"$313,091",Robert Streb,"$32,175,000",T301,308,,,,,
760,0.96,,10.0,,"$103,612",Brendon de Jonge,"$10,846,800",308,309,,,,,
761,0.93,,26.0,,"$285,707",Matt Every,"$30,772,800",T305,310,,,,,
762,0.91,,21.0,,"$221,745",Roberto Díaz,"$24,256,800",T305,311,,,,,
763,0.9,,6.0,,"$68,604",John Senden,"$7,632,000",T324,T312,,,,,
764,0.9,,18.0,,"$183,327",Brett Stegmaier,"$20,404,800",309,T312,,,,,
765,0.86,,15.0,,"$167,542",Sangmoon Bae,"$19,449,000",310,T314,,,,,
766,0.86,,9.0,,"$87,042",Davis Love III,"$10,098,000",T305,T314,,,,,
767,0.82,,3.0,,"$33,393",Ryan Ruffels,"$4,087,800",312,316,,,,,
768,0.81,,7.0,,"$69,124",Eric Axley,"$8,496,000",T313,317,,,,,
769,0.8,,8.0,,"$68,407",John Merrick,"$8,578,800",357,318,,,,,
770,0.78,,20.0,,"$180,225",Jonathan Byrd,"$23,158,800",T313,319,,,,,
771,0.77,,22.0,,"$201,136",Smylie Kaufman,"$26,074,800",T316,T320,,,,,
772,0.77,,3.0,,"$24,480",Jimmy Stanger,"$3,168,000",T316,T320,,,,,
773,0.75,,2.0,,"$24,448",Andrew Johnston,"$3,276,000",318,322,,,,,
774,0.73,,17.0,,"$164,635",Rod Pampling,"$22,707,000",T319,323,,,,,
775,0.72,,9.0,,"$81,989",Luke Donald,"$11,376,000",321,324,,,,,
776,0.7,,2.0,,"$20,627",Seunghyuk Kim,"$2,961,000",322,T325,,,,,
777,0.7,,22.0,,"$179,459",Cameron Tringale,"$25,516,800",T319,T325,,,,,
778,0.64,,2.0,,"$14,850",Andrew Novak,"$2,304,000",323,327,,,,,
779,0.61,,6.0,,"$36,830",Jason Bohn,"$6,084,000",,T328,,,,,
780,0.61,,2.0,,"$15,028",Jesse Mueller,"$2,466,000",T326,T328,,,,,
781,0.6,,9.0,,"$82,097",Martin Kaymer,"$13,572,000",T328,T330,,,,,
782,0.6,,9.0,,"$76,534",Vijay Singh,"$12,852,000",T328,T330,,,,,
783,0.58,,3.0,,"$20,353",Derek Ernst,"$3,492,000",330,T332,,,,,
784,0.58,,16.0,,"$105,549",Conrad Shindler,"$18,162,000",T334,T332,,,,,
785,0.57,,13.0,,"$102,867",Ernie Els,"$17,928,000",331,334,,,,,
786,0.56,,11.0,,"$69,241",Ken Duke,"$12,348,000",T326,T335,,,,,
787,0.56,,12.0,,"$84,896",Padraig Harrington,"$15,076,800",332,T335,,,,,
788,0.55,,2.0,,"$12,338",Steve Allan,"$2,232,000",333,337,,,,,
789,0.54,,7.0,,"$39,508",Tommy Gainey,"$7,362,000",T342,338,,,,,
790,0.53,,7.0,,"$39,000",Troy Matteson,"$7,362,000",T324,339,,,,,
791,0.52,,2.0,,"$9,861",David Skinns,"$1,890,000",T337,340,,,,,
792,0.51,,3.0,,"$12,006",Arjun Atwal,"$2,358,000",,T341,,,,,
793,0.51,,2.0,,"$14,198",Shugo Imahira,"$2,776,000",339,T341,,,,,
794,0.49,,2.0,,"$9,861",Taylor Moore,"$1,998,000",340,343,,,,,
795,0.48,,9.0,,"$47,082",Brian Davis,"$9,864,000",336,T344,,,,,
796,0.48,,5.0,,"$36,841",Doc Redman,"$7,668,000",341,T344,,,,,
797,0.46,,2.0,,"$7,305",Vince India,"$1,584,000",252,346,,,,,
798,0.45,,6.0,,"$27,305",Dru Love,"$6,066,000",T334,347,,,,,
799,0.44,,17.0,,"$93,947",Geoff Ogilvy,"$21,240,000",T342,348,,,,,
800,0.41,,17.0,,"$78,226",Matt Atkins,"$19,144,800",T349,T349,,,,,
801,0.41,,9.0,,"$46,962",Jim Herman,"$11,367,000",345,T349,,,,,
802,0.4,,19.0,,"$90,993",Zecheng Dou,"$22,496,800",344,351,,,,,
803,0.37,,10.0,,"$43,134",Colt Knost,"$11,764,800",348,T352,,,,,
804,0.37,,22.0,,"$99,265",D.A. Points,"$27,190,800",T346,T352,,,,,
805,0.36,,3.0,,"$15,180",Cameron Davis,"$4,176,000",T349,354,,,,,
806,0.35,,9.0,,"$33,348",Mark Wilson,"$9,504,000",358,355,,,,,
807,0.34,,5.0,,"$20,353",Ángel Cabrera,"$6,012,000",353,T356,,,,,
808,0.34,,23.0,,"$94,970",Billy Hurley III,"$27,730,800",T349,T356,,,,,
809,0.33,,3.0,,"$12,095",Tom Whitney,"$3,672,000",354,358,,,,,
810,0.32,,6.0,,"$19,970",Robert Allenby,"$6,246,000",T346,359,,,,,
811,0.29,,6.0,,"$18,362",John Daly,"$6,256,800",355,360,,,,,
812,0.28,,6.0,,"$16,920",D.J. Trahan,"$5,994,000",370,361,,,,,
813,0.27,,4.0,,"$13,000",Chris Couch,"$4,734,000",352,362,,,,,
814,0.24,,4.0,,"$11,484",Kris Blanks,"$4,806,000",,363,,,,,
815,0.22,,2.0,,"$5,520",Trevor Immelman,"$2,520,000",360,364,,,,,
816,0.21,,4.0,,"$8,784",Daniel Chopra,"$4,158,000",356,365,,,,,
817,0.2,,5.0,,"$11,966",Cameron Champ,"$5,922,000",363,T366,,,,,
818,0.2,,18.0,,"$41,566",Andrew Yun,"$20,422,800",T361,T366,,,,,
819,0.19,,7.0,,"$14,274",Omar Uresti,"$7,362,000",359,T368,,,,,
820,0.19,,5.0,,"$14,874",Will Zalatoris,"$7,722,000",T364,T368,,,,,
821,0.18,,5.0,,"$13,987",Doug Ghim,"$7,722,000",T361,370,,,,,
822,0.16,,7.0,,"$13,524",Charlie Beljan,"$8,550,000",T366,T371,,,,,
823,0.16,,8.0,,"$13,856",Dicky Pride,"$8,478,000",T364,T371,,,,,
824,0.15,,8.0,,"$15,431",Bob Estes,"$9,972,000",368,373,,,,,
825,0.13,,4.0,,"$5,520",Cameron Beckman,"$4,158,000",T366,374,,,,,
826,0.12,,10.0,,"$14,136",Rick Lamb,"$11,574,000",T371,T375,,,,,
827,0.12,,7.0,,"$8,213",John Rollins,"$7,084,800",369,T375,,,,,
828,0.12,,4.0,,"$5,760",Mike Weir,"$4,914,000",T371,T375,,,,,
829,0.07,,18.0,,"$14,000",Kyle Thompson,"$20,530,800",373,378,,,,,
